PRAGMA defer_foreign_keys=TRUE;
CREATE TABLE IF NOT EXISTS "d1_migrations"(
		id         INTEGER PRIMARY KEY AUTOINCREMENT,
		name       TEXT UNIQUE,
		applied_at TIMESTAMP DEFAULT CURRENT_TIMESTAMP NOT NULL
);
INSERT INTO "d1_migrations" ("id","name","applied_at") VALUES(1,'0001_create_reports.sql','2026-06-25 18:54:15');
INSERT INTO "d1_migrations" ("id","name","applied_at") VALUES(2,'0002_add_needs_help.sql','2026-06-25 18:54:16');
INSERT INTO "d1_migrations" ("id","name","applied_at") VALUES(3,'0003_add_report_city.sql','2026-06-25 18:54:16');
CREATE TABLE reports (
  id TEXT PRIMARY KEY NOT NULL,
  building_name TEXT NOT NULL CHECK(length(building_name) BETWEEN 2 AND 120),
  address TEXT NOT NULL CHECK(length(address) BETWEEN 5 AND 240),
  state TEXT NOT NULL,
  latitude REAL NOT NULL CHECK(latitude BETWEEN -90 AND 90),
  longitude REAL NOT NULL CHECK(longitude BETWEEN -180 AND 180),
  damage_type TEXT NOT NULL CHECK(damage_type IN ('cracks', 'moderate', 'severe', 'collapse')),
  description TEXT NOT NULL CHECK(length(description) BETWEEN 10 AND 2000),
  contact_name TEXT,
  contact_phone TEXT,
  contact_email TEXT,
  contact_consent INTEGER NOT NULL DEFAULT 0 CHECK(contact_consent IN (0, 1)),
  status TEXT NOT NULL DEFAULT 'published' CHECK(status IN ('published', 'hidden')),
  created_at TEXT NOT NULL,
  updated_at TEXT NOT NULL
, needs_help INTEGER NOT NULL DEFAULT 0 CHECK(needs_help IN (0, 1)), city TEXT NOT NULL DEFAULT '' CHECK(length(city) <= 120));
INSERT INTO "reports" ("id","building_name","address","state","latitude","longitude","damage_type","description","contact_name","contact_phone","contact_email","contact_consent","status","created_at","updated_at","needs_help","city") VALUES('93a63dc7-8e34-4c86-b42f-2743bfb57dcc','Casa','Calle la lechuza casa 23 ojo de agua','Miranda',10.4232577,-66.8657665,'cracks','grietas en las paredes, deterioro en el techo y píso','Evelyn Abreu','+584129869882','rpenarandaaspillaga@gmail.com',1,'published','2026-06-26T01:07:39.379Z','2026-06-26T01:07:39.379Z',0,'Baruta');
INSERT INTO "reports" ("id","building_name","address","state","latitude","longitude","damage_type","description","contact_name","contact_phone","contact_email","contact_consent","status","created_at","updated_at","needs_help","city") VALUES('379e2c7e-934e-4d52-9938-81d42d6efd31','Edificio al lado de Migas','Alta Mira','Distrito Capital',10.498339,-66.847603,'collapse','El edificio se encuentra derrumbado',NULL,NULL,NULL,0,'published','2026-06-26T12:56:17.170Z','2026-06-26T12:56:17.170Z',0,'Caracas');
INSERT INTO "reports" ("id","building_name","address","state","latitude","longitude","damage_type","description","contact_name","contact_phone","contact_email","contact_consent","status","created_at","updated_at","needs_help","city") VALUES('a9fdc33c-47b6-48a7-b861-695a2ca2c166','Edificio Rita','Avenida los Proceres','Distrito Capital',10.5158675,-66.9010943,'collapse','Edificio colapsado, se necesita maquinaria. Informa Perkins Rocha: https://x.com/PerkinsRocha/status/2070174521445716072',NULL,NULL,NULL,0,'published','2026-06-26T14:18:26.226Z','2026-06-26T14:18:26.226Z',1,'Caracas');
INSERT INTO "reports" ("id","building_name","address","state","latitude","longitude","damage_type","description","contact_name","contact_phone","contact_email","contact_consent","status","created_at","updated_at","needs_help","city") VALUES('430c2757-2c19-49e6-97ac-705a0a8ad230','Edificio Moises','Avenida Anauco','Distrito Capital',10.5145344,-66.9034369,'collapse','Edificio colapsado. Informa Crónica Uno: https://x.com/CronicaUno/status/2070499788798202344',NULL,NULL,NULL,0,'published','2026-06-26T14:27:51.440Z','2026-06-26T14:27:51.440Z',0,'Caracas');
INSERT INTO "reports" ("id","building_name","address","state","latitude","longitude","damage_type","description","contact_name","contact_phone","contact_email","contact_consent","status","created_at","updated_at","needs_help","city") VALUES('1294a7f8-fa83-4370-9245-ad686dc25c49','Residencias Orca','Calle Bella Vista, Maiquetía 1162, La Guaira, Venezuela','La Guaira',10.6095416,-67.008119,'collapse','Edificio colapsado con gente atrapada bajo los escombros. Se solicitan rescatistas para colaborar. Infoma Rubén Silié y Emmanuel Rincón via: https://x.com/EmmaRincon/status/2070508861677559813',NULL,NULL,NULL,0,'published','2026-06-26T14:44:32.477Z','2026-06-26T14:44:32.477Z',1,'Maiquetía');
INSERT INTO "reports" ("id","building_name","address","state","latitude","longitude","damage_type","description","contact_name","contact_phone","contact_email","contact_consent","status","created_at","updated_at","needs_help","city") VALUES('d28ba3cc-9b2c-499e-9277-0ce4db51b0d9','Pista de aterrizaje del Aeropuerto de Maiquetía','Aeropuerto de Maiquetía','La Guaira',10.604618,-66.989009,'cracks','Daños en la pista de aterrizaje del aeropuerto de Maiquetia. Informa Federico Black via: https://x.com/FedericoBlackB/status/2070255731916316945',NULL,NULL,NULL,0,'published','2026-06-26T14:53:40.393Z','2026-06-26T14:53:40.393Z',0,'Maiquetía');
INSERT INTO "reports" ("id","building_name","address","state","latitude","longitude","damage_type","description","contact_name","contact_phone","contact_email","contact_consent","status","created_at","updated_at","needs_help","city") VALUES('3d8c4cc0-8d08-4a3b-8a8d-45df68c24ecf','Residencias Bahía del Mar','Av. José María España, Caraballeda 1165, La Guaira, Venezuela','La Guaira',10.6196813,-66.8466509,'collapse','Se solicitan rescatistas. Hay gente bajo los escombros pidiendo ayuda. Informa Luis Carlos via: https://x.com/LuisCarlos/status/2070493838766977487',NULL,NULL,NULL,0,'published','2026-06-26T15:00:38.135Z','2026-06-26T15:00:38.135Z',1,'Caraballeda');
INSERT INTO "reports" ("id","building_name","address","state","latitude","longitude","damage_type","description","contact_name","contact_phone","contact_email","contact_consent","status","created_at","updated_at","needs_help","city") VALUES('cc16a32b-b225-4c28-84ff-c8cfc3d6ad17','Mision Vivienda Torre OP','Caraballeda 1165, La Guaira, Venezuela','La Guaira',10.6149555,-66.8406492,'collapse','Edificios colapsados. Hay gente bajo los escombros que no han podido extraer. Informa Andrews Abreu via: https://x.com/AndrewsAbreu/status/2070517350852350210',NULL,NULL,NULL,0,'published','2026-06-26T15:30:15.408Z','2026-06-26T15:30:15.408Z',1,'Caraballeda');
INSERT INTO "reports" ("id","building_name","address","state","latitude","longitude","damage_type","description","contact_name","contact_phone","contact_email","contact_consent","status","created_at","updated_at","needs_help","city") VALUES('5da73e9a-d110-4ca1-8bf3-b30b68cd4f9c','Hotel La Mar Suites','Residencias la mar suites, Tucacas 2055, Falcón, Venezuela','Falcón',10.7662304,-68.3251906,'collapse','Edificio colapsado. Actualmente hay labores de rescate en curso. Via https://x.com/AndrewsAbreu/status/2070523796725928082',NULL,NULL,NULL,0,'published','2026-06-26T15:58:19.783Z','2026-06-26T15:58:19.783Z',1,'Tucacas');
CREATE TABLE report_images (
  id TEXT PRIMARY KEY NOT NULL,
  report_id TEXT NOT NULL,
  r2_key TEXT NOT NULL UNIQUE,
  mime_type TEXT NOT NULL CHECK(mime_type = 'image/webp'),
  size_bytes INTEGER NOT NULL CHECK(size_bytes > 0 AND size_bytes <= 2097152),
  width INTEGER NOT NULL CHECK(width > 0 AND width <= 1920),
  height INTEGER NOT NULL CHECK(height > 0 AND height <= 1920),
  position INTEGER NOT NULL CHECK(position BETWEEN 0 AND 4),
  created_at TEXT NOT NULL,
  FOREIGN KEY (report_id) REFERENCES reports(id) ON DELETE CASCADE,
  UNIQUE(report_id, position)
);
INSERT INTO "report_images" ("id","report_id","r2_key","mime_type","size_bytes","width","height","position","created_at") VALUES('d5b50656-890f-4389-86d6-b8008b56ea40','93a63dc7-8e34-4c86-b42f-2743bfb57dcc','reports/93a63dc7-8e34-4c86-b42f-2743bfb57dcc/d5b50656-890f-4389-86d6-b8008b56ea40.webp','image/webp',126114,1440,1920,0,'2026-06-26T01:07:39.379Z');
INSERT INTO "report_images" ("id","report_id","r2_key","mime_type","size_bytes","width","height","position","created_at") VALUES('2527065e-93e0-43b0-9075-58203ad10fed','93a63dc7-8e34-4c86-b42f-2743bfb57dcc','reports/93a63dc7-8e34-4c86-b42f-2743bfb57dcc/2527065e-93e0-43b0-9075-58203ad10fed.webp','image/webp',53564,1440,1920,1,'2026-06-26T01:07:39.379Z');
INSERT INTO "report_images" ("id","report_id","r2_key","mime_type","size_bytes","width","height","position","created_at") VALUES('7f6bd721-7df8-4296-82c3-89ed1358b1ed','93a63dc7-8e34-4c86-b42f-2743bfb57dcc','reports/93a63dc7-8e34-4c86-b42f-2743bfb57dcc/7f6bd721-7df8-4296-82c3-89ed1358b1ed.webp','image/webp',73342,1440,1920,2,'2026-06-26T01:07:39.379Z');
INSERT INTO "report_images" ("id","report_id","r2_key","mime_type","size_bytes","width","height","position","created_at") VALUES('8b1480c3-b1c4-4705-b6a7-88b6b5082f99','93a63dc7-8e34-4c86-b42f-2743bfb57dcc','reports/93a63dc7-8e34-4c86-b42f-2743bfb57dcc/8b1480c3-b1c4-4705-b6a7-88b6b5082f99.webp','image/webp',56954,1440,1920,3,'2026-06-26T01:07:39.379Z');
INSERT INTO "report_images" ("id","report_id","r2_key","mime_type","size_bytes","width","height","position","created_at") VALUES('9948e74c-980f-4221-8b22-20cf7731b17a','379e2c7e-934e-4d52-9938-81d42d6efd31','reports/379e2c7e-934e-4d52-9938-81d42d6efd31/9948e74c-980f-4221-8b22-20cf7731b17a.webp','image/webp',279448,1920,1291,0,'2026-06-26T12:56:17.170Z');
INSERT INTO "report_images" ("id","report_id","r2_key","mime_type","size_bytes","width","height","position","created_at") VALUES('0e129eab-449f-4d51-aaf2-e4ba9ab1c1b6','379e2c7e-934e-4d52-9938-81d42d6efd31','reports/379e2c7e-934e-4d52-9938-81d42d6efd31/0e129eab-449f-4d51-aaf2-e4ba9ab1c1b6.webp','image/webp',270576,1440,1920,1,'2026-06-26T12:56:17.170Z');
INSERT INTO "report_images" ("id","report_id","r2_key","mime_type","size_bytes","width","height","position","created_at") VALUES('3b2f2188-1cef-4b04-a823-02dfa0b0cc67','379e2c7e-934e-4d52-9938-81d42d6efd31','reports/379e2c7e-934e-4d52-9938-81d42d6efd31/3b2f2188-1cef-4b04-a823-02dfa0b0cc67.webp','image/webp',271404,1440,1920,2,'2026-06-26T12:56:17.170Z');
INSERT INTO "report_images" ("id","report_id","r2_key","mime_type","size_bytes","width","height","position","created_at") VALUES('3e578653-aeb1-417e-be32-77a1a90b17dd','a9fdc33c-47b6-48a7-b861-695a2ca2c166','reports/a9fdc33c-47b6-48a7-b861-695a2ca2c166/3e578653-aeb1-417e-be32-77a1a90b17dd.webp','image/webp',69928,593,680,0,'2026-06-26T14:18:26.226Z');
INSERT INTO "report_images" ("id","report_id","r2_key","mime_type","size_bytes","width","height","position","created_at") VALUES('a179fb14-c1d1-4abc-a1fc-a5d93f760c3f','a9fdc33c-47b6-48a7-b861-695a2ca2c166','reports/a9fdc33c-47b6-48a7-b861-695a2ca2c166/a179fb14-c1d1-4abc-a1fc-a5d93f760c3f.webp','image/webp',63488,415,900,1,'2026-06-26T14:18:26.226Z');
INSERT INTO "report_images" ("id","report_id","r2_key","mime_type","size_bytes","width","height","position","created_at") VALUES('63e74c95-7a2f-4fee-bb0e-c4772876737f','a9fdc33c-47b6-48a7-b861-695a2ca2c166','reports/a9fdc33c-47b6-48a7-b861-695a2ca2c166/63e74c95-7a2f-4fee-bb0e-c4772876737f.webp','image/webp',27014,360,332,2,'2026-06-26T14:18:26.226Z');
INSERT INTO "report_images" ("id","report_id","r2_key","mime_type","size_bytes","width","height","position","created_at") VALUES('4bc50cce-6733-435c-9bbc-0e78be628c6c','a9fdc33c-47b6-48a7-b861-695a2ca2c166','reports/a9fdc33c-47b6-48a7-b861-695a2ca2c166/4bc50cce-6733-435c-9bbc-0e78be628c6c.webp','image/webp',54420,415,900,3,'2026-06-26T14:18:26.226Z');
INSERT INTO "report_images" ("id","report_id","r2_key","mime_type","size_bytes","width","height","position","created_at") VALUES('e8ce0b68-70e9-432f-94c2-ac8987e3bad8','430c2757-2c19-49e6-97ac-705a0a8ad230','reports/430c2757-2c19-49e6-97ac-705a0a8ad230/e8ce0b68-70e9-432f-94c2-ac8987e3bad8.webp','image/webp',151886,1280,960,0,'2026-06-26T14:27:51.440Z');
INSERT INTO "report_images" ("id","report_id","r2_key","mime_type","size_bytes","width","height","position","created_at") VALUES('2745acc6-6f37-4227-9579-88160975e312','430c2757-2c19-49e6-97ac-705a0a8ad230','reports/430c2757-2c19-49e6-97ac-705a0a8ad230/2745acc6-6f37-4227-9579-88160975e312.webp','image/webp',100422,1280,960,1,'2026-06-26T14:27:51.440Z');
INSERT INTO "report_images" ("id","report_id","r2_key","mime_type","size_bytes","width","height","position","created_at") VALUES('2c45e765-b0a0-4d3e-a9f4-e3704d1433a6','430c2757-2c19-49e6-97ac-705a0a8ad230','reports/430c2757-2c19-49e6-97ac-705a0a8ad230/2c45e765-b0a0-4d3e-a9f4-e3704d1433a6.webp','image/webp',118488,1024,768,2,'2026-06-26T14:27:51.440Z');
INSERT INTO "report_images" ("id","report_id","r2_key","mime_type","size_bytes","width","height","position","created_at") VALUES('4a6cc6c0-5720-42e9-a13b-abb02529badd','1294a7f8-fa83-4370-9245-ad686dc25c49','reports/1294a7f8-fa83-4370-9245-ad686dc25c49/4a6cc6c0-5720-42e9-a13b-abb02529badd.webp','image/webp',32876,540,1170,0,'2026-06-26T14:44:32.477Z');
INSERT INTO "report_images" ("id","report_id","r2_key","mime_type","size_bytes","width","height","position","created_at") VALUES('53f5180c-620f-4a45-a9f7-7262d176c10b','d28ba3cc-9b2c-499e-9277-0ce4db51b0d9','reports/d28ba3cc-9b2c-499e-9277-0ce4db51b0d9/53f5180c-620f-4a45-a9f7-7262d176c10b.webp','image/webp',122314,720,1280,0,'2026-06-26T14:53:40.393Z');
INSERT INTO "report_images" ("id","report_id","r2_key","mime_type","size_bytes","width","height","position","created_at") VALUES('f9b3a588-3c9f-4780-be0a-031a537025d2','d28ba3cc-9b2c-499e-9277-0ce4db51b0d9','reports/d28ba3cc-9b2c-499e-9277-0ce4db51b0d9/f9b3a588-3c9f-4780-be0a-031a537025d2.webp','image/webp',142380,720,1280,1,'2026-06-26T14:53:40.393Z');
INSERT INTO "report_images" ("id","report_id","r2_key","mime_type","size_bytes","width","height","position","created_at") VALUES('c317abd0-1184-4718-be8b-7a277d17489b','3d8c4cc0-8d08-4a3b-8a8d-45df68c24ecf','reports/3d8c4cc0-8d08-4a3b-8a8d-45df68c24ecf/c317abd0-1184-4718-be8b-7a277d17489b.webp','image/webp',63126,516,865,0,'2026-06-26T15:00:38.135Z');
INSERT INTO "report_images" ("id","report_id","r2_key","mime_type","size_bytes","width","height","position","created_at") VALUES('6e260841-f7d4-4490-913c-967d9fcca80c','3d8c4cc0-8d08-4a3b-8a8d-45df68c24ecf','reports/3d8c4cc0-8d08-4a3b-8a8d-45df68c24ecf/6e260841-f7d4-4490-913c-967d9fcca80c.webp','image/webp',39196,540,1200,1,'2026-06-26T15:00:38.135Z');
INSERT INTO "report_images" ("id","report_id","r2_key","mime_type","size_bytes","width","height","position","created_at") VALUES('14bc9d1f-2495-45f2-b90b-966bf139c56b','cc16a32b-b225-4c28-84ff-c8cfc3d6ad17','reports/cc16a32b-b225-4c28-84ff-c8cfc3d6ad17/14bc9d1f-2495-45f2-b90b-966bf139c56b.webp','image/webp',73238,678,1123,0,'2026-06-26T15:30:15.408Z');
INSERT INTO "report_images" ("id","report_id","r2_key","mime_type","size_bytes","width","height","position","created_at") VALUES('06082f5b-e07e-4a6b-a2c2-d9efa76f147e','cc16a32b-b225-4c28-84ff-c8cfc3d6ad17','reports/cc16a32b-b225-4c28-84ff-c8cfc3d6ad17/06082f5b-e07e-4a6b-a2c2-d9efa76f147e.webp','image/webp',56496,675,1133,1,'2026-06-26T15:30:15.408Z');
INSERT INTO "report_images" ("id","report_id","r2_key","mime_type","size_bytes","width","height","position","created_at") VALUES('d6ecb119-34fc-4239-86bc-27b024fc3449','cc16a32b-b225-4c28-84ff-c8cfc3d6ad17','reports/cc16a32b-b225-4c28-84ff-c8cfc3d6ad17/d6ecb119-34fc-4239-86bc-27b024fc3449.webp','image/webp',72506,683,1131,2,'2026-06-26T15:30:15.408Z');
INSERT INTO "report_images" ("id","report_id","r2_key","mime_type","size_bytes","width","height","position","created_at") VALUES('151e8783-81dd-4bf4-a5b9-0aebee9751fd','5da73e9a-d110-4ca1-8bf3-b30b68cd4f9c','reports/5da73e9a-d110-4ca1-8bf3-b30b68cd4f9c/151e8783-81dd-4bf4-a5b9-0aebee9751fd.webp','image/webp',41134,680,510,0,'2026-06-26T15:58:19.783Z');
DELETE FROM sqlite_sequence;
INSERT INTO "sqlite_sequence" ("name","seq") VALUES('d1_migrations',3);
CREATE INDEX idx_reports_created_at ON reports(created_at DESC);
CREATE INDEX idx_reports_state ON reports(state);
CREATE INDEX idx_reports_damage_type ON reports(damage_type);
CREATE INDEX idx_reports_status ON reports(status);
CREATE INDEX idx_reports_coordinates ON reports(latitude, longitude);
CREATE INDEX idx_report_images_report_id ON report_images(report_id, position);
CREATE INDEX idx_reports_needs_help ON reports(needs_help);
CREATE INDEX idx_reports_city ON reports(city);
